OverallPick,Round,PickInRound,Player,NFLTeam,Position,FantasyTeam
1,1,1,Josh Allen,Buf,QB,Purple Reign
2,1,2,Justin Jefferson,Min,WR,Nordick Bishops
3,1,3,Saquon Barkley,Phi,RB,(north) Korean Fried Chicken
4,1,4,Christian McCaffrey,SF,RB,FAUGENDAZ
5,1,5,Lamar Jackson,Bal,QB,🏈🚌 Magic Skol Bus
6,1,6,Bijan Robinson,Atl,RB,Think Tank
7,1,7,Jayden Daniels,Wsh,QB,Clint Billton
8,1,8,Ja'Marr Chase,Cin,WR,"Make Loveland, Not Warren"
9,2,1,CeeDee Lamb,Dal,WR,"Make Loveland, Not Warren"
10,2,2,Patrick Mahomes,KC,QB,Clint Billton
11,2,3,Jahmyr Gibbs,Det,RB,Think Tank
12,2,4,Puka Nacua,LAR,WR,🏈🚌 Magic Skol Bus
13,2,5,Zach Charbonnet,Sea,RB,FAUGENDAZ
14,2,6,C.J. Stroud,Hou,QB,(north) Korean Fried Chicken
15,2,7,Jordan Love,GB,QB,Nordick Bishops
16,2,8,Jalen Hurts,Phi,QB,Purple Reign
17,3,1,Malik Nabers,NYG,WR,Purple Reign
18,3,2,Tahj Brooks,Cin,RB,Nordick Bishops
19,3,3,Derrick Henry,Bal,RB,(north) Korean Fried Chicken
20,3,4,Bo Nix,Den,QB,FAUGENDAZ
21,3,5,Amon-Ra St. Brown,Det,WR,🏈🚌 Magic Skol Bus
22,3,6,Joe Burrow,Cin,QB,Think Tank
23,3,7,Marvin Harrison Jr.,Ari,WR,Clint Billton
24,3,8,Bucky Irving,TB,RB,"Make Loveland, Not Warren"
25,4,1,Caleb Williams,Chi,QB,"Make Loveland, Not Warren"
26,4,2,Drake London,Atl,WR,Clint Billton
27,4,3,Brian Thomas Jr.,Jax,WR,Think Tank
28,4,4,Ashton Jeanty,LV,RB,🏈🚌 Magic Skol Bus
29,4,5,Christian Kirk,Hou,WR,FAUGENDAZ
30,4,6,Sam Darnold,Sea,QB,(north) Korean Fried Chicken
31,4,7,Jaylen Warren,Pit,RB,Nordick Bishops
32,4,8,Breece Hall,NYJ,RB,Purple Reign
33,5,1,Josh Jacobs,GB,RB,Purple Reign
34,5,2,Amari Cooper,LV,WR,Nordick Bishops
35,5,3,DeVonta Smith,Phi,WR,(north) Korean Fried Chicken
36,5,4,Tyler Lockett,Ten,WR,FAUGENDAZ
37,5,5,De'Von Achane,Mia,RB,🏈🚌 Magic Skol Bus
38,5,6,Brock Bowers,LV,TE,Think Tank
39,5,7,Jonathan Taylor,Ind,RB,Clint Billton
40,5,8,Trey McBride,Ari,TE,"Make Loveland, Not Warren"
41,6,1,James Cook,Buf,RB,"Make Loveland, Not Warren"
42,6,2,Mike Evans,TB,WR,Clint Billton
43,6,3,A.J. Brown,Phi,WR,Think Tank
44,6,4,Joe Mixon,Hou,RB,🏈🚌 Magic Skol Bus
45,6,5,Travis Kelce,KC,TE,FAUGENDAZ
46,6,6,Sam LaPorta,Det,TE,(north) Korean Fried Chicken
47,6,7,Pat Freiermuth,Pit,TE,Nordick Bishops
48,6,8,George Kittle,SF,TE,Purple Reign
49,7,1,Calvin Ridley,Ten,WR,Purple Reign
50,7,2,Isiah Pacheco,KC,RB,Nordick Bishops
51,7,3,Terry McLaurin,Wsh,WR,(north) Korean Fried Chicken
52,7,4,Jaxon Smith-Njigba,Sea,WR,FAUGENDAZ
53,7,5,Brock Purdy,SF,QB,🏈🚌 Magic Skol Bus
54,7,6,Nico Collins,Hou,WR,Think Tank
55,7,7,Chuba Hubbard,Car,RB,Clint Billton
56,7,8,Omarion Hampton,LAC,RB,"Make Loveland, Not Warren"
57,8,1,Davante Adams,LAR,WR,"Make Loveland, Not Warren"
58,8,2,DJ Moore,Chi,WR,Clint Billton
59,8,3,Baker Mayfield,TB,QB,Think Tank
60,8,4,Mark Andrews,Bal,TE,🏈🚌 Magic Skol Bus
61,8,5,Jerry Jeudy,Cle,WR,FAUGENDAZ
62,8,6,Keon Coleman,Buf,WR,(north) Korean Fried Chicken
63,8,7,Geno Smith,LV,QB,Nordick Bishops
64,8,8,Courtland Sutton,Den,WR,Purple Reign
65,9,1,Chase Brown,Cin,RB,Purple Reign
66,9,2,Ben Sinnott,Wsh,TE,Nordick Bishops
67,9,3,Kenneth Walker III,Sea,RB,(north) Korean Fried Chicken
68,9,4,Matthew Stafford,LAR,QB,FAUGENDAZ
69,9,5,Deebo Samuel Sr.,Wsh,WR,🏈🚌 Magic Skol Bus
70,9,6,Tyreek Hill,Mia,WR,Think Tank
71,9,7,T.J. Hockenson,Min,TE,Clint Billton
72,9,8,Garrett Wilson,NYJ,WR,"Make Loveland, Not Warren"
73,10,1,Rome Odunze,Chi,WR,"Make Loveland, Not Warren"
74,10,2,RJ Harvey,Den,RB,Clint Billton
75,10,3,Tony Pollard,Ten,RB,Think Tank
76,10,4,Adam Thielen,Min,WR,🏈🚌 Magic Skol Bus
77,10,5,Austin Ekeler,Wsh,RB,FAUGENDAZ
78,10,6,Cooper Kupp,Sea,WR,(north) Korean Fried Chicken
79,10,7,D'Andre Swift,Chi,RB,Nordick Bishops
80,10,8,James Conner,Ari,RB,Purple Reign
81,11,1,Ladd McConkey,LAC,WR,Purple Reign
82,11,2,Chris Olave,NO,WR,Nordick Bishops
83,11,3,Colston Loveland,Chi,TE,(north) Korean Fried Chicken
84,11,4,Tank Bigsby,Phi,RB,FAUGENDAZ
85,11,5,Aaron Jones,Min,RB,🏈🚌 Magic Skol Bus
86,11,6,Kyler Murray,Ari,QB,Think Tank
87,11,7,Zay Flowers,Bal,WR,Clint Billton
88,11,8,Alvin Kamara,NO,RB,"Make Loveland, Not Warren"
89,12,1,Justin Herbert,LAC,QB,"Make Loveland, Not Warren"
90,12,2,Trevor Lawrence,Jax,QB,Clint Billton
91,12,3,Kyren Williams,LAR,RB,Think Tank
92,12,4,Tyler Higbee,LAR,TE,🏈🚌 Magic Skol Bus
93,12,5,David Njoku,Cle,TE,FAUGENDAZ
94,12,6,J.K. Dobbins,Den,RB,(north) Korean Fried Chicken
95,12,7,Brandon Aiyuk,SF,WR,Nordick Bishops
96,12,8,Jaylen Waddle,Mia,WR,Purple Reign
97,13,1,Tee Higgins,Cin,WR,Purple Reign
98,13,2,Cam Skattebo,NYG,RB,Nordick Bishops
99,13,3,Cameron Ward,Ten,QB,(north) Korean Fried Chicken
100,13,4,Dak Prescott,Dal,QB,FAUGENDAZ
101,13,5,Stefon Diggs,NE,WR,🏈🚌 Magic Skol Bus
102,13,6,Tetairoa McMillan,Car,WR,Think Tank
103,13,7,David Montgomery,Det,RB,Clint Billton
104,13,8,Drake Maye,NE,QB,"Make Loveland, Not Warren"
105,14,1,Bill Croskey-Merritt,Wsh,RB,"Make Loveland, Not Warren"
106,14,2,Travis Hunter,Jax,WR,Clint Billton
107,14,3,Tyler Allgeier,Atl,RB,Think Tank
108,14,4,Xavier Worthy,KC,WR,🏈🚌 Magic Skol Bus
109,14,5,Brandon Aubrey,Dal,K,FAUGENDAZ
110,14,6,Jameson Williams,Det,WR,(north) Korean Fried Chicken
111,14,7,George Pickens,Dal,WR,Nordick Bishops
112,14,8,Tyrone Tracy Jr.,NYG,RB,Purple Reign
113,15,1,Broncos D/ST,Den,D/ST,Purple Reign
114,15,2,Patriots D/ST,NE,D/ST,Nordick Bishops
115,15,3,Eagles D/ST,Phi,D/ST,(north) Korean Fried Chicken
116,15,4,Giants D/ST,NYG,D/ST,FAUGENDAZ
117,15,5,Steelers D/ST,Pit,D/ST,🏈🚌 Magic Skol Bus
118,15,6,Ravens D/ST,Bal,D/ST,Think Tank
119,15,7,Texans D/ST,Hou,D/ST,Clint Billton
120,15,8,Cameron Dicker,LAC,K,"Make Loveland, Not Warren"
121,16,1,Bears D/ST,Chi,D/ST,"Make Loveland, Not Warren"
122,16,2,Tyler Bass,Buf,K,Clint Billton
123,16,3,Cam Little,Jax,K,Think Tank
124,16,4,Evan McPherson,Cin,K,🏈🚌 Magic Skol Bus
125,16,5,Christian Watson,GB,WR,FAUGENDAZ
126,16,6,Jake Moody,FA,K,(north) Korean Fried Chicken
127,16,7,Matt Gay,Wsh,K,Nordick Bishops
128,16,8,Wil Lutz,Den,K,Purple Reign
