Rank,Pos,PositionalRank,Player,Team,Salary,Bye
1,QB,1,Josh Allen,BUF,59,7
2,QB,2,Lamar Jackson,BAL,58,7
3,QB,3,Jayden Daniels,WAS,58,12
4,QB,4,Jalen Hurts,PHI,57,9
5,QB,5,Joe Burrow,CIN,57,10
6,WR,1,Ja'Marr Chase,CIN,55,10
7,RB,1,Bijan Robinson,ATL,53,5
8,WR,2,Justin Jefferson,MIN,51,6
9,RB,2,Saquon Barkley,PHI,49,9
10,RB,3,Jahmyr Gibbs,DET,48,8
11,WR,3,CeeDee Lamb,DAL,46,10
12,RB,4,Christian McCaffrey,SF,44,14
13,WR,4,Malik Nabers,NYG,43,14
14,WR,5,Puka Nacua,LAR,42,8
15,WR,6,Amon-Ra St. Brown,DET,41,8
16,RB,5,Ashton Jeanty,LV,40,8
17,QB,6,Patrick Mahomes,KC,38,10
18,RB,6,De'Von Achane,MIA,37,12
19,WR,7,Nico Collins,HOU,36,6
20,QB,7,Baker Mayfield,TB,35,9
21,QB,8,Bo Nix,DEN,34,12
22,QB,9,Kyler Murray,ARI,33,8
23,QB,10,Brock Purdy,SF,32,14
24,WR,8,Brian Thomas Jr.,JAC,32,8
25,WR,9,A.J. Brown,PHI,31,9
26,WR,10,Drake London,ATL,30,5
27,RB,7,Jonathan Taylor,IND,30,11
28,RB,8,Josh Jacobs,GB,29,5
29,QB,11,Justin Herbert,LAC,28,12
30,QB,12,Caleb Williams,CHI,26,5
31,RB,9,Derrick Henry,BAL,26,7
32,TE,1,Brock Bowers,LV,25,8
33,TE,2,Trey McBride,ARI,24,8
34,RB,10,Bucky Irving,TB,23,9
35,RB,11,Chase Brown,CIN,22,10
36,WR,11,Tee Higgins,CIN,22,10
37,QB,13,Drake Maye,NE,22,14
38,WR,12,Tyreek Hill,MIA,21,12
39,WR,13,Ladd McConkey,LAC,21,12
40,WR,14,Davante Adams,LAR,20,8
41,RB,12,Kyren Williams,LAR,19,8
42,RB,13,James Cook,BUF,19,7
43,WR,15,Jaxon Smith-Njigba,SEA,18,8
44,WR,16,Terry McLaurin,WAS,17,12
45,WR,17,Garrett Wilson,NYJ,17,9
46,QB,14,Dak Prescott,DAL,15,10
47,QB,15,Justin Fields,NYJ,15,9
48,RB,14,Omarion Hampton,LAC,14,12
49,RB,15,Alvin Kamara,NO,13,11
50,TE,3,George Kittle,SF,13,14
51,RB,16,Chuba Hubbard,CAR,12,14
52,RB,17,James Conner,ARI,11,8
53,RB,18,TreVeyon Henderson,NE,11,14
54,RB,19,Kenneth Walker III,SEA,10,8
55,RB,20,Breece Hall,NYJ,10,9
56,WR,18,Marvin Harrison Jr.,ARI,10,8
57,WR,19,DK Metcalf,PIT,10,5
58,WR,20,Tetairoa McMillan,CAR,9,14
59,WR,21,Xavier Worthy,KC,9,10
60,QB,16,Jordan Love,GB,9,5
61,QB,17,J.J. McCarthy,MIN,8,6
62,WR,22,Mike Evans,TB,8,9
63,WR,23,DJ Moore,CHI,8,5
64,RB,21,D'Andre Swift,CHI,7,5
65,WR,24,Zay Flowers,BAL,7,7
66,WR,25,Courtland Sutton,DEN,7,12
67,WR,26,Calvin Ridley,TEN,7,10
68,WR,27,DeVonta Smith,PHI,6,9
69,WR,28,Jaylen Waddle,MIA,6,12
70,WR,29,Jerry Jeudy,CLE,6,9
71,WR,30,Jameson Williams,DET,6,8
72,WR,31,Rashee Rice,KC,6,10
73,TE,4,Sam LaPorta,DET,6,8
74,WR,32,George Pickens,DAL,5,10
75,WR,33,Rome Odunze,CHI,5,5
76,WR,34,Travis Hunter,JAC,5,8
77,RB,22,Tony Pollard,TEN,5,10
78,RB,23,David Montgomery,DET,4,8
79,QB,18,C.J. Stroud,HOU,4,6
80,QB,19,Jared Goff,DET,4,8
81,QB,20,Tua Tagovailoa,MIA,4,12
82,TE,5,T.J. Hockenson,MIN,4,6
83,RB,24,Aaron Jones,MIN,4,6
84,RB,25,RJ Harvey,DEN,4,12
85,RB,26,Isiah Pacheco,KC,4,10
86,WR,35,Jakobi Meyers,LV,4,8
87,WR,36,Matthew Golden,GB,3,5
88,WR,37,Emeka Egbuka,TB,3,9
89,WR,38,Chris Olave,NO,3,11
90,WR,39,Ricky Pearsall,SF,3,14
91,WR,40,Michael Pittman Jr.,IND,3,11
92,WR,41,Stefon Diggs,NE,3,14
93,RB,27,Tyrone Tracy Jr.,NYG,3,14
94,RB,28,Jaylen Warren,PIT,3,5
95,RB,29,Bill Croskey-Merritt,WAS,3,12
96,TE,6,Travis Kelce,KC,2,10
97,TE,7,David Njoku,CLE,2,9
98,TE,8,Mark Andrews,BAL,2,7
99,TE,9,Evan Engram,DEN,2,12
100,RB,30,Austin Ekeler,WAS,2,12
101,RB,31,J.K. Dobbins,DEN,2,12
102,RB,32,Rhamondre Stevenson,NE,2,14
103,RB,33,Javonte Williams,DAL,2,10
104,QB,21,Matthew Stafford,LAR,2,8
105,QB,22,Trevor Lawrence,JAC,2,8
106,QB,23,Cameron Ward,TEN,2,10
107,QB,24,Michael Penix Jr.,ATL,2,5
108,RB,34,Kaleb Johnson,PIT,2,5
109,RB,35,Cam Skattebo,NYG,2,14
110,WR,42,Cooper Kupp,SEA,2,8
111,WR,43,Jordan Addison,MIN,2,6
112,WR,44,Jauan Jennings,SF,2,14
113,WR,45,Deebo Samuel Sr.,WAS,2,12
114,WR,46,Khalil Shakir,BUF,2,7
115,WR,47,Keon Coleman,BUF,2,7
116,WR,48,Chris Godwin,TB,2,9
117,QB,25,Bryce Young,CAR,2,14
118,QB,26,Geno Smith,LV,2,8
119,QB,27,Sam Darnold,SEA,2,8
120,WR,49,Josh Downs,IND,2,11
121,WR,50,Jayden Reed,GB,1,5
122,WR,51,Keenan Allen,LAC,1,12
123,WR,52,Darnell Mooney,ATL,1,5
124,WR,53,Rashid Shaheed,NO,1,11
125,WR,54,Xavier Legette,CAR,1,14
126,TE,10,Tyler Warren,IND,1,11
127,RB,36,Jordan Mason,MIN,1,6
128,RB,37,Travis Etienne Jr.,JAC,1,8
129,RB,38,Tank Bigsby,JAC,1,8
130,RB,39,Bhayshul Tuten,JAC,1,8
131,RB,40,Zach Charbonnet,SEA,1,8
132,RB,41,Nick Chubb,HOU,1,6
133,RB,42,Jerome Ford,CLE,1,9
134,TE,11,Colston Loveland,CHI,1,5
135,TE,12,Tucker Kraft,GB,1,5
136,TE,13,Dallas Goedert,PHI,1,9
137,TE,14,Jake Ferguson,DAL,1,10
138,TE,15,Dalton Kincaid,BUF,1,7
139,RB,43,Trey Benson,ARI,1,8
140,RB,44,Rachaad White,TB,1,9
141,RB,45,Jaydon Blue,DAL,1,10
142,RB,46,Tyler Allgeier,ATL,1,5
143,RB,47,Braelon Allen,NYJ,1,9
144,RB,48,Najee Harris,LAC,1,12
145,WR,55,Cedric Tillman,CLE,1,9
146,WR,56,Hollywood Brown,KC,1,10
147,WR,57,Jayden Higgins,HOU,1,6
148,WR,58,Wan'Dale Robinson,NYG,1,14
149,QB,28,Daniel Jones,IND,1,11
150,WR,59,Marvin Mims Jr.,DEN,1,12
151,TE,16,Hunter Henry,NE,1,14
152,TE,17,Kyle Pitts,ATL,1,5
153,RB,49,Dylan Sampson,CLE,1,9
154,RB,50,Quinshon Judkins,CLE,1,9
155,WR,60,Rashod Bateman,BAL,1,7
156,WR,61,DeMario Douglas,NE,1,14
157,WR,62,Christian Kirk,HOU,1,6
158,WR,63,Jalen Coker,CAR,1,14
159,WR,64,Brandon Aiyuk,SF,1,14
160,WR,65,Joshua Palmer,BUF,1,7
161,WR,66,Romeo Doubs,GB,0,5
162,WR,67,Tre Harris,LAC,0,12
163,TE,18,Zach Ertz,WAS,0,12
164,TE,19,Brenton Strange,JAC,0,8
165,QB,29,Aaron Rodgers,PIT,0,5
166,QB,30,Russell Wilson,NYG,0,14
167,QB,31,Joe Flacco,CLE,0,9
168,QB,32,Spencer Rattler,NO,0,11
169,DST,1,Steelers D/ST,PIT,0,5
170,DST,2,Broncos D/ST,DEN,0,12
171,DST,3,Texans D/ST,HOU,0,6
172,DST,4,Ravens D/ST,BAL,0,7
173,DST,5,Vikings D/ST,MIN,0,6
174,DST,6,Seahawks D/ST,SEA,0,8
175,DST,7,Lions D/ST,DET,0,8
176,DST,8,Patriots D/ST,NE,0,14
177,DST,9,Colts D/ST,IND,0,11
178,DST,10,Eagles D/ST,PHI,0,9
179,DST,11,Bills D/ST,BUF,0,7
180,DST,12,Jets D/ST,NYJ,0,9
181,K,1,Jake Bates,DET,0,8
182,K,2,Chase McLaughlin,TB,0,9
183,K,3,Cameron Dicker,LAC,0,12
184,K,4,Brandon Aubrey,DAL,0,10
185,K,5,Tyler Bass,BUF,0,7
186,K,6,Jake Elliott,PHI,0,9
187,K,7,Chris Boswell,PIT,0,5
188,K,8,Harrison Butker,KC,0,10
189,K,9,Cairo Santos,CHI,0,5
190,K,10,Tyler Loop,BAL,0,7
191,K,11,Matt Gay,WAS,0,12
192,K,12,Ka'imi Fairbairn,HOU,0,6
193,RB,51,Joe Mixon,HOU,0,6
194,RB,52,Ray Davis,BUF,0,7
195,RB,53,Will Shipley,PHI,0,9
196,RB,54,Ollie Gordon II,MIA,0,12
197,RB,55,Woody Marks,HOU,0,6
198,WR,68,Michael Wilson,ARI,0,8
199,RB,56,Dameon Pierce,HOU,0,6
200,RB,57,Kendre Miller,NO,0,11
201,RB,58,Brian Robinson Jr.,SF,0,14
202,RB,59,Justice Hill,BAL,0,7
203,WR,69,Amari Cooper,LV,0,8
204,WR,70,Luther Burden III,CHI,0,5
205,WR,71,Darius Slayton,NYG,0,14
206,QB,33,Jaxson Dart,NYG,0,14
207,QB,34,Tyler Shough,NO,0,11
208,QB,35,Anthony Richardson,IND,0,11
209,QB,36,Dillon Gabriel,CLE,0,9
210,WR,72,Nick Westbrook-Ikhine,MIA,0,12
211,WR,73,Adam Thielen,MIN,0,6
212,WR,74,DeAndre Hopkins,BAL,0,7
213,RB,60,Tyjae Spears,TEN,0,10
214,RB,61,Rico Dowdle,CAR,0,14
215,RB,62,Miles Sanders,DAL,0,10
216,RB,63,Roschon Johnson,CHI,0,5
217,RB,64,Kareem Hunt,KC,0,10
218,RB,65,Blake Corum,LAR,0,8
219,RB,66,MarShawn Lloyd,GB,0,5
220,RB,67,DJ Giddens,IND,0,11
221,RB,68,Samaje Perine,CIN,0,10
222,RB,69,Kenneth Gainwell,PIT,0,5
223,RB,70,Jaylen Wright,MIA,0,12
224,RB,71,Ty Johnson,BUF,0,7
225,TE,20,Jonnu Smith,PIT,0,5
226,TE,21,Darren Waller,MIA,0,12
227,WR,75,Elic Ayomanor,TEN,0,10
228,WR,76,Pat Bryant,DEN,0,12
229,QB,37,Shedeur Sanders,CLE,0,9
230,QB,38,Jalen Milroe,SEA,0,8
231,WR,77,Tutu Atwell,LAR,0,8
232,WR,78,Josh Reynolds,NYJ,0,9
233,WR,79,Ray-Ray McCloud III,ATL,0,5
234,WR,80,Dyami Brown,JAC,0,8
235,TE,22,Chigoziem Okonkwo,TEN,0,10
236,DST,13,Giants D/ST,NYG,0,14
237,DST,14,Buccaneers D/ST,TB,0,9
238,K,13,Joshua Karty,LAR,0,8
239,K,14,Nick Folk,NYJ,0,9
240,WR,81,Calvin Austin III,PIT,0,5
241,WR,82,Noah Brown,WAS,0,12
242,WR,83,Tyler Lockett,TEN,0,10
243,WR,84,Quentin Johnston,LAC,0,12
244,WR,85,Christian Watson,GB,0,5
245,WR,86,Adonai Mitchell,IND,0,11
246,WR,87,Troy Franklin,DEN,0,12
247,WR,88,KaVontae Turpin,DAL,0,10
248,WR,89,Allen Lazard,NYJ,0,9
249,WR,90,Andrei Iosivas,CIN,0,10
250,RB,72,Kyle Monangai,CHI,0,5
251,RB,73,Devin Neal,NO,0,11
252,RB,74,Elijah Mitchell,KC,0,10
253,RB,75,Raheem Mostert,LV,0,8
254,RB,76,Isaac Guerendo,SF,0,14
255,RB,77,Jarquez Hunter,LAR,0,8
256,RB,78,Chris Rodriguez Jr.,WAS,0,12
257,RB,79,Emanuel Wilson,GB,0,5
258,TE,23,Mason Taylor,NYJ,0,9
259,TE,24,Cade Otton,TB,0,9
260,TE,25,Pat Freiermuth,PIT,0,5
261,QB,39,Jimmy Garoppolo,LAR,0,8
262,QB,40,Kirk Cousins,ATL,0,5
263,TE,26,Dalton Schultz,HOU,0,6
264,RB,80,Sean Tucker,TB,0,9
265,WR,91,Alec Pierce,IND,0,11
266,WR,92,Devaughn Vele,NO,0,11
267,DST,15,Cardinals D/ST,ARI,0,8
268,DST,16,Packers D/ST,GB,0,5
269,K,15,Brandon McManus,GB,0,5
270,K,16,Jason Myers,SEA,0,8
271,TE,27,Theo Johnson,NYG,0,14
272,TE,28,Elijah Arroyo,SEA,0,8
273,TE,29,Tyler Higbee,LAR,0,8
274,WR,93,Jalen Tolbert,DAL,0,10
275,WR,94,Roman Wilson,PIT,0,5
276,WR,95,Kayshon Boutte,NE,0,14
277,WR,96,David Moore,CAR,0,14
278,RB,81,Emari Demercado,ARI,0,8
279,RB,82,Isaiah Davis,NYJ,0,9
280,WR,97,Tre Tucker,LV,0,8
281,WR,98,Van Jefferson,TEN,0,10
282,WR,99,Brandin Cooks,NO,0,11
283,WR,100,Greg Dortch,ARI,0,8
284,WR,101,Jamari Thrash,CLE,0,9
285,RB,83,Kalel Mullings,TEN,0,10
286,RB,84,Keaton Mitchell,BAL,0,7
287,RB,85,Kyle Juszczyk,SF,0,14
288,RB,86,Chris Brooks,GB,0,5
289,RB,87,Trevor Etienne,CAR,0,14
290,RB,88,Alec Ingold,MIA,0,12
291,RB,89,Brashard Smith,KC,0,10
292,RB,90,Jaleel McLaughlin,DEN,0,12
293,WR,102,Jordan Whittington,LAR,0,8
294,DST,17,Chiefs D/ST,KC,0,10
295,DST,18,Bears D/ST,CHI,0,5
296,K,17,Cam Little,JAC,0,8
297,K,18,Wil Lutz,DEN,0,12
298,TE,30,Juwan Johnson,NO,0,11
299,TE,31,Mike Gesicki,CIN,0,10
300,TE,32,Isaiah Likely,BAL,0,7
301,TE,33,Ben Sinnott,WAS,0,12
302,K,19,Evan McPherson,CIN,0,10
303,K,20,Jake Moody,FA,0,
304,RB,91,Tahj Brooks,CIN,0,10
